{
  "aie_partition": {
    "name": "QoS",
    "operations_per_cycle": "2048",
    "inference_fingerprint": "23423",
    "pre_post_fingerprint": "12345",
    "partition": {
      "column_width": 1,
      "start_columns": [
        1,
        2,
        3,
        4
      ]
    },
    "PDIs": [
      {
        "uuid": "cc007a64-f527-45cf-8d44-8238150a6da8",
        "file_name": "./design.pdi",
        "cdo_groups": [
          {
            "name": "DPU",
            "type": "PRIMARY",
            "pdi_id": "0x01",
            "dpu_kernel_ids": [
              "0x901"
            ],
            "pre_cdo_groups": [
              "0xC1"
            ]
          }
        ]
      }
    ]
  }
}